username,password,name,email,phone
Test1239,psw1,Hari1,demo1@gmail.com,9999999911
Test1235,psw1,Hari1,demo1@gmail.com,9999999911
Test1236,psw1,Hari1,demo1@gmail.com,9999999911
Test2,psw2,Hari2,demo2@gmail.com,9999999912
Test3,psw3,Hari3,demo1@gmail.com,9999999913
Test4,psw4,Hari4,demo2@gmail.com,9999999914
Test5,psw5,Hari5,demo1@gmail.com,9999999915
Test6,psw6,Hari6,demo2@gmail.com,9999999916
Test7,psw7,Hari7,demo1@gmail.com,9999999917
Test8,psw8,Hari8,demo2@gmail.com,9999999918
Test9,psw9,Hari9,demo1@gmail.com,9999999919
Test10,psw10,Hari10,demo2@gmail.com,9999999920
Test11,psw11,Hari11,demo1@gmail.com,9999999921
Test12,psw12,Hari12,demo2@gmail.com,9999999922
Test13,psw13,Hari13,demo1@gmail.com,9999999923
Test14,psw14,Hari14,demo2@gmail.com,9999999924
Test15,psw15,Hari15,demo1@gmail.com,9999999925
Test16,psw16,Hari16,demo2@gmail.com,9999999926
Test17,psw17,Hari17,demo1@gmail.com,9999999927
Test18,psw18,Hari18,demo2@gmail.com,9999999928
Test19,psw19,Hari19,demo1@gmail.com,9999999929
Test20,psw20,Hari20,demo2@gmail.com,9999999930
Test21,psw21,Hari21,demo1@gmail.com,9999999931
Test22,psw22,Hari22,demo2@gmail.com,9999999932
Test23,psw23,Hari23,demo1@gmail.com,9999999933
Test24,psw24,Hari24,demo2@gmail.com,9999999934
Test25,psw25,Hari25,demo1@gmail.com,9999999935
Test26,psw26,Hari26,demo2@gmail.com,9999999936
Test27,psw27,Hari27,demo1@gmail.com,9999999937
Test28,psw28,Hari28,demo2@gmail.com,9999999938
Test29,psw29,Hari29,demo1@gmail.com,9999999939
Test30,psw30,Hari30,demo2@gmail.com,9999999940
Test31,psw31,Hari31,demo1@gmail.com,9999999941
Test32,psw32,Hari32,demo2@gmail.com,9999999942
Test33,psw33,Hari33,demo1@gmail.com,9999999943
Test34,psw34,Hari34,demo2@gmail.com,9999999944
Test35,psw35,Hari35,demo1@gmail.com,9999999945
Test36,psw36,Hari36,demo2@gmail.com,9999999946
Test37,psw37,Hari37,demo1@gmail.com,9999999947
Test38,psw38,Hari38,demo2@gmail.com,9999999948
Test39,psw39,Hari39,demo1@gmail.com,9999999949
Test40,psw40,Hari40,demo2@gmail.com,9999999950
Test41,psw41,Hari41,demo1@gmail.com,9999999951
Test42,psw42,Hari42,demo2@gmail.com,9999999952
Test43,psw43,Hari43,demo1@gmail.com,9999999953
Test44,psw44,Hari44,demo2@gmail.com,9999999954
Test45,psw45,Hari45,demo1@gmail.com,9999999955
Test46,psw46,Hari46,demo2@gmail.com,9999999956
Test47,psw47,Hari47,demo1@gmail.com,9999999957
Test48,psw48,Hari48,demo2@gmail.com,9999999958
Test49,psw49,Hari49,demo1@gmail.com,9999999959
Test50,psw50,Hari50,demo2@gmail.com,9999999960
